id,description
1,"Antyrama o wymiarach 40 cm x 60 cm, wykonana z plexi, plecy z plyty HDF, z zamocowanymi hakami zarówno w pionie jak i poziomie, boki pokryte biala farba, 8 klipsów mocujacych, dociskajacych tworzywo do plyty"
2,"Antyrama o wymiarach 100 cm x 70 cm, wykonana z plexi, plecy z plyty HDF , z zamocowanymi hakami zarówno w pionie jaki poziomie, boki pokryte biala farba, 14klipsów mocujacych, dociskajacych tworzywo do plyty"
3,"Atrament do pióra wiecznego 30 ml, Pelikan, niebieski, czarny"
4,"Atrament do pióra wiecznego 50ml, Waterman, niebieski, czarny"
5,"Bibula w rolkach, marszczona, karbowanie 60%, szer. 50 cm x dl. 250 cm, gramatura 32g/m2, (rózne kolory)"
6,"Blok biurowy z perforacja A4 80 kartek w kratke, szyty i klejony po krótszym boku, mikroperforacja ulatwiajaca wyrywanie kartek, przód i tyl okladki wykonany z laminowanego kartonu, dziurki umozliwiajace wpiecie kartek do segregatora, bigowanie ulatwiajace odginanie okladki"
7,"Blok biurowy z perforacja A5/80 w kratke, szyty i klejony po krótszym boku, mikroperforacja ulatwiajaca wyrywanie kartek, przód i tyl okladki wykonany z laminowanego kartonu, dziurki umozliwiajace wpiecie kartek do segregatora, bigowanie ulatwiajace odginanie okladki"
8,"Blok rysunkowy bialy, format A4, liczba kartek 20, przód i tyl okladki wykonany z laminowanego kartonu, klejony po krótszym boku, gramatura 90 g/m2"
9,"Blok techniczny bialy, format A4, liczba kartek 10, przód i tyl okladki wykonany z laminowanego kartonu, klejony po krótszym boku, gramatura 180 g/m2"
10,"Bolce do dziurkacza archiwizacyjnego HP 2- dl. bolca 56mm, srednica dziurkujaca - 6mm"
11,"Brulion w kratke,format A4, liczba kartek 96, zszywany, okladka laminowana, grzbiet wzmocniony, gramatura 55 g/m2"
12,"Brulion B5 w kratke, liczba kartek 96, zszywany, okladka laminowana, grzbiet wzmocniony,55g/m2"
13,"Brystol B1 bialy gramatura 250 g/m², kolor bialy,"
14,"Brystol B1 kolor gramatura 250 g/m², kolor mix"
15,"Chusteczki czyszczace do ekranów sciereczki nasaczone preparatem bezalkoholowym, przeznaczone do czyszczenia ekranów, monitorów TFT/LCD, antystatyczne, szybkoschnace, w tubie 100 szt."
16,"Cienkopis ekonomiczny w uzyciu, odporny na wysychanie tusz, obudowa plastikowa, z plastikowa koncówka oprawiona w metal, skuwka wentylowana, grubosc linii 0,4 mm"
17,"Dlugopis automatyczny Zenith, z wymiennym metalowym wkladem, obudowa z tworzywa sztucznego, ozdobiony metalowym klipsem, obraczka oraz okuwa, klips i wykonczenie niklowe, grubosc linii 0,6 - 0,7 mm, dlugosc linii pisania 2 500 m, tusz w kolorze niebieskim"
18,"Dlugopis z obudowa plastikowa, z niewymiennym wkladem z koncówka 0,7 mm dlugosc linii pisania 3000 m, w róznych kolorach: niebieski, czarny, czerwony, zielony"
19,"Dlugopis automatyczny z wymiennym wkladem olejowym, z wygodnym, specjalnie zaprojektowanym gumowym uchwytem, z automatycznie chowanym wkladem, linia pisania 1200 m, grubosc linii 0,27 mm-0,33 wzaleznosci od sily nacisku , w kolorach: czarny, czerwony, niebieski, zielony"
20,"Dlugopis na sprezynce d.rect lezacy AT-15"
21,"Dlugopis (niebieski, czarny, czerwony, zielony) zelowy z wymiennym wkladem, obudowa przezroczysta, koncówka ze wzmocnionej stali, ze skuwka, grubosc linii od 0,27 mm do 0,35 mm (w zaleznosci od sily nacisku) dlugosc linii pisania 1000 m"
22,"Druki KP, druk dowodu wplaty, format A6 (80 kart)"
23,"Dyskietki omega formatowane 3,5, - 1.44MB. Opakowanie kartonowe ,"
24,"Dziurkacz na dwie dziurki,metalowy mechanizm, metalowa obudowa, plastikowa podstawa antyposlizgowa, posiada ogranicznik formatu, odstep miedzy dziurkami 8 cm, do 40 kartek 5 lat gwarancji,"
25,"Etykiety samoprzylepne o wymiarach 38 x 21,2 mm, wspólpracujacymi ze wszystkimi rodzajami drukarek, op. 100 arkuszy, front 70 g/m², podklad 52 g/m², stopien bieli 98 %, zawierajace krawedzie bezpieczenstwa zapobiegajace odkladaniu sie kleju na mechanizmie drukarki"
26,"Etykiety samoprzylepne o wymiarach 52,5 x 29,6 mm, wspólpracujacymi ze wszystkimi rodzajami drukarek, op. 100 arkuszy, front 70 g/m², podklad 52 g/m², stopien bieli 98 %, zawierajace krawedzie bezpieczenstwa zapobiegajace odkladaniu sie kleju na mechanizmie drukarki"
27,"Etykiety samoprzylepne o wymiarach 70 x 32 mm, wspólpracujacymi ze wszystkimi rodzajami drukarek, op. 100 arkuszy, front 70 g/m², podklad 52 g/m², stopien bieli 98 %, zawierajace krawedzie bezpieczenstwa zapobiegajace odkladaniu sie kleju na mechanizmie drukarki"
28,"Etykiety samoprzylepne o wymiarach 70 x 37 mm, wspólpracujacymi ze wszystkimi rodzajami drukarek, op. 100 arkuszy, front 70 g/m², podklad 52 g/m², stopien bieli 98 %, zawierajace krawedzie bezpieczenstwa zapobiegajace odkladaniu sie kleju na mechanizmie drukarki"
29,"Etykiety samoprzylepne o wymiarach 105 x 42,4 mm, wspólpracujacymi ze wszystkimi rodzajami drukarek, op. 100 arkuszy, front 70 g/m², podklad 52 g/m², stopien bieli 98 %, zawierajace krawedzie bezpieczenstwa zapobiegajace odkladaniu sie kleju na mechanizmie drukarki"
30,"Etykiety samoprzylepne o wymiarach 105 x 48 mm, wspólpracujacymi ze wszystkimi rodzajami drukarek, op. 100 arkuszy, front 70 g/m², podklad 52 g/m², stopien bieli 98 %, zawierajace krawedzie bezpieczenstwa zapobiegajace odkladaniu sie kleju na mechanizmie drukarki"
31,"Etykiety samoprzylepne o wymiarach 105 x 57 mm, wspólpracujacymi ze wszystkimi rodzajami drukarek, op. 100 arkuszy, front 70 g/m², podklad 52 g/m², stopien bieli 98 %, zawierajace krawedzie bezpieczenstwa zapobiegajace odkladaniu sie kleju na mechanizmie drukarki"
32,"Etykiety samoprzylepne o wymiarach 105 x 74 mm, wspólpracujacymi ze wszystkimi rodzajami drukarek, op. 100 arkuszy, front 70 g/m², podklad 52 g/m², stopien bieli 98 %, zawierajace krawedzie bezpieczenstwa zapobiegajace odkladaniu sie kleju na mechanizmie drukarki"
33,"Etykiety samoprzylepne o wymiarach 210 x 297 mm, wspólpracujacymi ze wszystkimi rodzajami drukarek, op. 100 arkuszy, front 70 g/m², podklad 52 g/m², stopien bieli 98 %, zawierajace krawedzie bezpieczenstwa zapobiegajace odkladaniu sie kleju na mechanizmie drukarki"
34,"Etykiety samoprzylepne kolorowe o wymiarach 210 x 297 mm, wspólpracujacymi ze wszystkimi rodzajami drukarek, op=25 arkuszy, (zielone, czerwone, niebieskie, zólte)"
35,"Farby akwarelowe 12 kolorów, rozpuszczalne w wodzie, w postaci sprasowanych guziczków"
36,"Farby plakatowe 12 kolorów , 20 ml w sloiczkach"
37,"Flamastry nie wysychajace, pojedyncze, wyrazny tusz, srednica koncówki 1,8 mm, w róznych kolorach: czarny, czerwony, zielony, niebieski"
38,"Tablica blat suchoscieralny - magnetyczny, wzmocniony plyta, sprezynujacy docisk papieru o formacie 70 x 100 cm*, regulacja kata pochylenia tablicy, rama aluminiowa, trójnozny stojak z regulacja wysokosci, maksymalna wysokosc 186 cm, pólka na akcesoria"
39,"Folia do drukarek atramentowych, format A4, op. 50 szt."
40,"Folia do drukarek laserowych, format A4, op. 50 szt."
41,"Folia do kserokopiarek, format A4, op. 100 szt."
42,"Folia do kserokopiarek kolorowych, format A4, op. 100 szt."
43,"Folia do laminowania, antystatyczna, sztywna, krystalicznie przejrzysta, blyszczaca, format A4, o wymiarach 216 x 303 mm, gramatura 100 mic, op.100 szt."
44,"Foliopis, marker do pisania po kazdej powierzchni równiez gladkiej, wodoodporny, szybkoschnacy, bezzapachowy atrament na bazie alkoholu, odporny na scieranie i blakniecia, grubosc linii S - 0,4 mm; F- 0,6 mm*; M - 1,0 mm, w róznych kolorach: zielony, czerwony, czarny, niebieski"
45,"Gabka do tablic suchoscieralnych, wewnetrzna warstwa magnetyczna umozliwiajaca przytwierdzenie do tablic magnetycznych, spód wykonczony filcem, nie rysujaca tablic, o wymiarach 110x57x24mm"
46,"Gabka do tablicy zwyklej o wymiarach 16cm x 11cm x 4"
47,"Grzbiety do bindowania, plastikowe, o wymiarze 6 mm (rózne kolory), op. 100 szt"
48,"Grzbiety do bindowania, plastikowe, o wymiarze 8 mm (rózne kolory), op. 100 szt"
49,"Grzbiety do bindowania, plastikowe, o wymiarze 10 mm (rózne kolory), op. 100 szt."
50,"Grzbiety do bindowania, plastikowe, o wymiarze 12,5 mm (rózne kolory), op. 100 szt."
51,"Grzbiety do bindowania, plastikowe, o wymiarze 14 mm (rózne kolory), op. 100 szt."
52,"Grzbiety do bindowania, plastikowe, o wymiarze 16 mm (rózne kolory), op. 100 szt."
53,"Grzbiety do bindowania, plastikowe, o wymiarze 19 mm (rózne kolory), op. 100 szt."
54,"Grzbiety do bindowania, plastikowe, o wymiarze 22 mm (rózne kolory), op. 50 szt."
55,"Grzbiety do bindowania, plastikowe, o wymiarze 32 mm (rózne kolory), op. 50 szt."
56,"Grzbiet zaciskowy, listwa wsuwana pozwalajaca na oprawe dokumentów do 30 kartek, w formie plastikowej rynienki, format A4, zaokraglone konce ulatwiajace wkladanie dokumentów, specjalny system utrzymujacy kartki w miejscu, (rózne kolory), op. 50 szt.(wlasna konfekcja)"
57,"Grzbiet zaciskowy, listwa wsuwana pozwalajaca na oprawe dokumentów do 60 kartek, w formie plastikowej rynienki, format A4, zaokraglone konce ulatwiajace wkladanie dokumentów, specjalny system utrzymujacy kartki w miejscu, (rózne kolory), op. 50 szt.(wlasna konfekcja)"
58,"Gumka wykonana z kauczuku wysokiej jakosci, przeznaczona do wymazywana pisma olówka i dlugopisu, dwustronna"
59,"Gumka recepturka, 0 100mm - opakowanie 100g"
60,"Identyfikator do klucza, wykonany z przezroczystego sztywnego tworzywa, otoczony plastikowa otoczka, dl. 52 mm, szer. 22 mm jednostronny, (rózne kolory), op. 100 szt.(wlasna konfekcja)"
61,"Identyfikator wykonany z przezroczystego, sztywnego tworzywa, wyposazony w metalowy klips sprezynujacy i niewielka agrafke, rozmiar przystosowany do klasycznej wielkosci kart wizytowych o wymiarach 57mm x 90 mm"
62,"Kalkulator 12-pozycyjny wyswietlacz, zaokraglanie wyników, funkcja obliczania marz, regulowana liczba miejsc po przecinku, klawisze podwójnego zera, podwójne zasilanie, cofanie ostatnio wprowadzonej pozycji"
63,"Karta czytelnika A6 z kartonu o gramaturze 190g/m2"
64,"Karta katalogowa B-143 z kartonu o gramaturze 190g/m²,z jedna linia"
65,"Karteczki klejone, substancja klejaca usuwalna za pomoca wody, trwala substancja klejaca nie pozostawiajaca sladów, papier z samoprzylepnym paskiem, pozwalajacym na wielokrotne przyklejanie i odklejanie pojedynczej karteczki, o wymiarach 38 mm x 51 mm, w bloczku 100 karteczek, kolor zólty"
66,"Karteczki klejone, substancja klejaca usuwalna za pomoca wody, trwala substancja klejaca nie pozostawiajaca sladów, papier z samoprzylepnym paskiem, pozwalajacym na wielokrotne przyklejanie i odklejanie pojedynczej karteczki, o wymiarach 51 mm x 76 mm, w bloczku 100 karteczek, kolor zólty"
67,"Karteczki klejone, substancja klejaca usuwalna za pomoca wody, trwala substancja klejaca nie pozostawiajaca sladów, papier z samoprzylepnym paskiem, pozwalajacym na wielokrotne przyklejanie i odklejanie pojedynczej karteczki, o wymiarach 76 mm x 76 mm, w bloczku 100 karteczek, kolor zólty"
68,"Karteczki klejone, substancja klejaca usuwalna za pomoca wody, trwala substancja klejaca nie pozostawiajaca sladów, papier z samoprzylepnym paskiem, pozwalajacym na wielokrotne przyklejanie i odklejanie pojedynczej karteczki, o wymiarach 51 mm x 51 mm, w bloczku 250 karteczek, (rózne kolory)"
69,"Karteczki klejone, substancja klejaca usuwalna za pomoca wody, trwala substancja klejaca nie pozostawiajaca sladów, papier z samoprzylepnym paskiem, pozwalajacym na wielokrotne przyklejanie i odklejanie pojedynczej karteczki, o wymiarach 75 mm x 75 mm, w bloczku 100 karteczek, (rózne kolory)"
70,"Kaseta do kamer cyfrowych mini DV SP/LP - 60 minut"
71,"Klej blyskawiczny, mocny, dziala po uplywie kilku sekund, mozna go dozowac przy klejeniu punktowym, poi. 3 q"
72,"Klej do papieru, uniwersalny, w tubce, klejacy szybko, ekonomiczny, nie zawiera rozpuszczalników, tubka poj. 50 ml"
73,"Klej do klejenia papieru, kartonu, fotografii,  plakatów, reprodukcji, filcu, materialów tekstylnych, korka, styropianu ze styropianem oraz styropianu z drewnem, tektury, plyt wiórowych, szkla, betonu oraz metali, wiaze bardzo silnie i sztywno, jednak nie natychmiast, dlugo pozostaje elastyczny, co pozwala wprowadzic korekty i przesuniecia klejonych prac, po wyschnieciu zabrudzone powierzchnie mozna zwalkowac (tworzy sie gumowata powloczka), nie przechodzi na druga strone, odporny na wilgoc, czas schniecia wynosi ok. 1 godziny, a calkowite zwiazanie trwa do 24h, nie przechodzi na druga strone i jest odporny nawilgoc, tubka poj. 50 ml"
74,"Klej introligatorski CR bezbarwny do klejenia papieru, drewna, korka, rozcienczany i zmywany woda, op. 250g"
75,"Klej introligatorski CR bezbarwny, do klejenia papieru, drewna, korka,rozcienczany i zmywany woda, op. 6kg"
76,"Klej do papieru, uniwersalny, klejacy szybko, ekonomiczny, nie zawiera rozpuszczalników, zawierajacy specjalny aplikator, poj. 40 ml"
77,"Klej w sztyfcie profice 21g, do kartonu, papieru i zdjec, bezzapachowy, nie wysycha dzieki hermetycznemu zamykaniu, nie zawiera rozpuszczalników,"
78,"Klip biurowy, podkladka do pisania z zamknieciem, wykonany ze sztywnej tektury, oklejonej obustronnie folia PCV, sprezysty, metalowy mechanizm do utrzymywania kartek papieru nieruchomo na klipie, wygodny przycisk zwalniajacy dokumenty, format A4"
79,"Klips metalowy, odporny na odksztalcenia, galwanizowany, o wymiarze 15 mm*, op. 12 szt."
80,"Klips metalowy, odporny na odksztalcenia, galwanizowany, o wymiarze 19 mm*, op. 12 szt."
81,"Klips metalowy, odporny na odksztalcenia, galwanizowany, o wymiarze 25 mm*, op. 12 szt."
82,"Klips metalowy, odporny na odksztalcenia, galwanizowany, o wymiarze 32 mm*, op. 12 szt."
83,"Klips metalowy, odporny na odksztalcenia, galwanizowany, o wymiarach 41 mm*, op. 12 szt."
84,"Klips metalowy, odporny na odksztalcenia, galwanizowany, o wymiarach 51 mm*, op. 12 szt."
85,"Kolonotatnik w kratke, twarda laminowana oprawa, podwójna spirala, dziurki do segregatora, format A4,96 kartek"
86,"Kolonotatnik w kratke, twarda laminowana oprawa, podwójna spirala, dziurki do segregatora, format A5, 96 kartek"
87,"Komplet do tablic suchoscieralnych 4 markery z okragla koncówka, odporne na wysychanie, tusz latwy do usuniecia nie pozostawiajacy sladów na tablicy, intensywne kolory, dlugosc linii pisania 1600 m wraz z gabka,"
88,"Koperta biala na CD z okienkiem o wymiarach 124 x 124 mm, biala, papier uzyty do produkcji kopert nie moze pochodzic z recyklingu, z okienkiem"
89,"Koperta B4 o wymiarach 250 x 353 mm, braz, samoklejaca, klejona na krótszym boku, papier uzyty do produkcji kopert nie moze pochodzic z recyklingu, papier natronowy, qramatura 100 q/m2"
90,"Koperta B4 o wymiarach 250 x 353 mm, biala, samoklejaca, klejona na krótszym boku, papier uzyty do produkcji kopert nie moze pochodzic z recyklingu, papier offsetowy, gramatura 100 g/m2"
91,"Koperta B4 o wymiarach 250 x 353 mm braz, z rozszerzanymi bokami, klejona na krótszym boku, papier uzyty do produkcji kopert nie moze pochodzic z recyklingu, papier natronowy, gramatura 130 g/m2"
92,"Koperta B4 + o wymiarach 255 x 390 x 40 mm , biala, z rozszerzanymi bokami, klejona na krótszym boku, papier uzyty do produkcji kopert nie moze pochodzic z recyklingu, papier offsetowy, gramatura 150 g/m2"
93,"Koperta B5 o wymiarach 175 x 250 mm , biala, samoklejaca, klejona na krótszym boku, papier uzyty do produkcji kopert nie moze pochodzic z recyklingu, papier offsetowy, gramatura 90 g/m2"
94,"Koperta C4 o wymiarach 229 x 324 mm , biala, samoklejaca, klejona na krótszym boku, papier uzyty do produkcji kopert nie moze pochodzic z recyklingu, papier offsetowy, gramatura 90 g/m2"
95,"Koperta C4 + o wymiarach 229 x 324 x 38 mm, biala, samoklejaca, z rozszerzanymi bokami, klejona na krótszym boku, papier uzyty do produkcji kopert nie moze pochodzic z recyklingu, papier offsetowy, gramatura 150 g/m2"
96,"Koperta C5 o wymiarach 162 x 229 mm , biala, samoklejaca, klejona na krótszym boku, papier uzyty do produkcji kopert nie moze pochodzic z recyklingu, papier offsetowy, gramatura 70 g/m2"
97,"Koperta C5 z okienkiem o wymiarach 162 x 229 mm , biala, samoklejaca, klejona na krótszym boku, papier uzyty do produkcji kopert nie moze pochodzic z recyklingu, okno w prawej dolnej krawedzi, papier offsetowy, gramatura 90g/m2"
98,"Koperta C6 o wymiarach 114x162 mm , biala, samoklejaca, klejona na krótszym boku, papier uzyty do produkcji kopert nie moze pochodzic z recyklingu, papier offsetowy, gramatura 75g/m2"
99,"Koperta DL o wymiarach 110 x 220 mm biala, samoklejaca, klejona na krótszym boku, papier uzyty do produkcji kopert nie moze pochodzic z recyklingu, papier offsetowy, gramatura 75 - 80 g/m2"
100,"Koperta E4+ o wymiarach 300 x 458 x 40 mm , biala, samoklejaca, z rozszerzonymi bokami, klejona na krótszym boku, papier uzyty do produkcji kopert nie moze pochodzic z recyklingu, papier offsetowy, gramatura 150 g/m2"
101,"Koperta M65DL o wymiarach 110 x 220 mm , biala, samoklejaca, klejona na krótszym boku, papier uzyty do produkcji kopert nie moze pochodzic z recyklingu, papier offsetowy, gramatura 75 - 80 g/m2"
102,"Koperta M65DL z okienkiem o wymiarach 110 x 220 mm , biala, samoklejaca, klejona na krótszym boku, papier uzyty do produkcji kopert nie moze pochodzic z recyklingu, okno w prawej dolnej krawedzi, papier offsetowy, gramatura 75 - 80 a/m2."
103,"Koperta z zabezpieczeniem powietrznym C/13, o wymiarach 150 x 215 mm, biala, klejona na krótszym boku, papier uzyty do produkcji kopert nie moze pochodzic z recyklingu"
104,"Koperta z zabezpieczeniem powietrznym E/15, o wymiarach 220 x 265 mm, biala, klejona na krótszym boku, papier uzyty do produkcji kopert nie moze pochodzic z recyklingu"
105,"Koperta z zabezpieczeniem powietrznym F/16, o wymiarach 220 x 340 mm, biala, klejona na krótszym boku, papier uzyty do produkcji kopert nie moze pochodzic z recyklingu"
106,"Koperta z zabezpieczeniem powietrznym I/19, o wymiarach 300 x 445 mm, biala, klejona na krótszym boku, papier uzyty do produkcji kopert nie moze pochodzic z recyklingu"
107,"Koperta z zabezpieczeniem powietrznym K/20, o wymiarach 350 x 470, biala, klejona na krótszym boku, papier uzyty do produkcji kopert nie moze pochodzic z recyklingu"
108,"Koperta z zabezpieczeniem powietrznym D/14, o wymiarach 180 x 265 mm, biala, klejona na krótszym boku, papier uzyty do produkcji kopert nie moze pochodzic z recyklingu"
109,"Koperta z zabezpieczeniem powietrznym G/17, o wymiarach 230 x 340 mm, biala, klejona na krótszym boku, papier uzyty do produkcji kopert nie moze pochodzic z recyklingu"
110,"Koperta z zabezpieczeniem powietrznym H/18, o wymiarach 270 x 360 mm, biala, klejona na krótszym boku, papier uzyty do produkcji kopert nie moze pochodzic z recyklingu"
111,"Korektor w pisaku, szybkoschnacy, nie gestniejacy i nie wysychajacy plyn korygujacy, metalowa koncówka z weglika wolframu, pojemnosc 8 ml,"
112,"Korektor w tasmie 4,2x9m nie pozostawia sladów na kserokopiach, odporny na swiatlo.Szybkoschnaca koncówka korektorujaca wyposazona w zatyczke"
113,"Kostka biala nie klejona, papierowa, rozmiar 83 x 83 x 75 mm, foliowana, bedaca wkladem do pojemnika"
114,"Kostka biala w pudelku nie klejona, papierowa , rozmiar 83 x 83 x 75 mm, foliowana, umieszczona w pudelku plastikowym, dajace mozliwosc wielokrotnej wymiany wkladu"
115,"Kostka kolorowa klejona z jednej strony, papierowa, rozmiar 85 x 85 x 75 mm, foliowana,zawiera 700 karteczek"
116,"Kostka kolorowa w pudelku nie klejona, papierowa, rozmiar 83 x 83 x 75 mm, foliowana, umieszczona w pudelku plastikowym, dajace mozliwosc wielokrotnej wymiany wkladu"
117,"Koszulka otwierana z góry, krystaliczna, przezroczysta oraz antystatyczna folia, folia polipropylenowa, antyelektrostatyczna, wzmocniony dziurkowany brzeg, grubosc 50 mic, format A4 , op. 100 szt./ folia"
118,"Koszulka otwierana z góry, przezroczysta groszkowa struktura folii, folia polipropylenowa, wzmocniony dziurkowany brzeg, grubosc 50 mic, op. 100 szt./folia"
119,"Koszulka otwierana z góry, przezroczysta groszkowa struktura folii, folia polipropylenowa, wzmocniony dziurkowany brzeg, 90 mic, format A5, op. 100 szt./folia (wlasna konfekcja)"
120,"Koszulka otwierana z boku, z klapa zabezpieczajaca dokumenty przed wypadaniem, przezroczysta, groszkowa struktura folii,  wzmacniany dziurkowany bok, folia polipropylenowa, grubosc 110 mic, format A4, op. 10 szt./folia"
121,"Koszulka otwierana z boku, z klapa zabezpieczajaca dokumenty przed wypadaniem, przezroczysta, groszkowa struktura folii,  wzmacniany dziurkowany bok, folia polipropylenowa, o wymiarach 220 x 330 mm, grubosc 110 mic, op. 10 szt./folia"
122,"Koszulka otwierana z góry, przezroczysta groszkowa struktura folii, folia polipropylenowa, wzmocniony dziurkowany brzeg, o wymiarach 220 x 300 mm, grubosc 90 mic, op. 50 szt./folia,"
123,"Koszulka otwierana z góry, przezroczysta groszkowa struktura folii, folia polipropylenowa, wzmocniony dziurkowany brzeg, rozszerzane harmonijkowo boki i dno do 25 mm, antystatyczne, grubosc 140 mic, format A4, op. 10 szt /folia"
124,"Kreda biala, bezpylowa, kwadratowa B4, wys. 95 mm, szer. 13 mm, op. 50 szt."
125,"Kreda kolorowa, bezpylowa, kwadratowa B4, wys. 95 mm, szer. 13 mm, op. 50 szt. (rózne kolory)"
126,"Kredki olówkowe, oprawione w drewno, miekki grafit, w komplecie 12 intensywnych kolorów, temperowane"
127,"Kredki pastelowe, olejne, o okraglym przekroju, moga byc uzywane na papierze, tablicach lub plótnie, doskonale rozprowadzajace sie dla uzyskania efektów cieni, mozliwosc uzywania na sucho, jak i mokro, posiadajace czyste, trwale i odporne na blakniecie kolory"
128,"Ksiazka korespondencyjna, format A4, w sztywnej oprawie introligatorskiej, papier offsetowy, 192 strony"
129,"Ksiega inwentarzowa B-123, format A4, w sztywnej oprawie introligatorskiej, szyta i klejona, strony dziurkowane, papier offsetowy, 100 stron"
130,"Lak do pieczeci, op. pudelko 10 sztyftów, sztaba 50 g, kolor: czerwony"
131,"Linijka plastikowa wykonana z przezroczystego polistyrenu bardzo wysokiej jakosci o optymalnej gietkosci, trwala niescieralna podzialka, zaokraglonych rogach i trwalosci podzialki, 30 cm"
132,"Linijka plastikowa wykonana z przezroczystego polistyrenu bardzo wysokiej jakosci o optymalnej gietkosci, trwala niescieralna podzialka, zaokraglonych rogach i trwalosci podzialki, 50 cm"
133,"Magnesy do tablic okragle, super silne, nie rysuja powierzchni magnetycznej, rózne wielkosci (20mm, 30 mm, 35 mm), op. 10 sztuk, mix kolorów"
134,"Marker olejowy, wysokiej jakosci, przeznaczony do pisania po wszystkich materialach, z pigmentowym tuszem, szybkoschnacy, nieblaknacy lakier, aluminiowa obudowa, z okragla koncówka, wentylowana skuwka, grubosc linii 2,5 mm, w róznych kolorach: czarny, czerwony, zielony, niebieski"
135,"Marker permanentny niezmywalny; wodoodporny; z tuszem na bazie alkoholu; koncówka okragla; szybkoschnacy tusz; nie rozmazuje sie; aluminiowa obudowa; grubosc linii 1 mm , (czarny, czerwony, zielony, niebieski),"
136,"Marker suchoscieralny latwy do starcia, odporny na wysychanie, intensywny kolor, nietoksyczny, wytrzymala koncówka piszaca wykonana z fibry, intensywny kolor, plastikowa obudowa, tusz na bazie alkoholu, neutralny zapach, grubosc linii 2 mm (czarny, czerwony, niebieski, zielony),"
137,"Naboje do pióra Parker, niebieskie, dlugie, op. 5 szt."
138,"Naboje do pióra Watermann, niebieskie, krótkie, op. 5 szt."
139,"Naboje do pióra Watermann, niebieskie, dlugie, op. 5 szt."
140,"Naboje do pióra Pelikan, niebieskie, dlugie, op. 6 szt."
141,"Naboje do pióra Pelikan, niebieskie, krótkie, op. 6 szt."
142,"Niszczarka do dokumentów ekonomiczna o wymiarach: 400 x 330 x 195 mm, pojemnosc kosza min 18l, DIN 32757: 3, posiada zdolnosc ciecia zszywek, kart kredytowych , waga 5 kg"
143,"Nozyczki biurowe wykonane z hartowanej stali nierdzewnej, z wytrzymala, odporna na pekniecia i odpryski, ergonomiczna rekojescia (rozmiar:15 cm)"
144,"Nozyczki biurowe wykonane z hartowanej stali nierdzewnej, z wytrzymala, odporna na pekniecia i odpryski, ergonomiczna rekojescia (rozmiar: 21 cm)"
145,"Nóz biurowy do kartonu z wysuwanym ostrzem, lamane wymienne ostrze wykonane ze stali nierdzewnej, przycisk blokujacy pozycje ostrza, ergonomiczna obudowa, elementy gumowe zapobiegajace slizganiu sie noza, rozmiar 15 cm"
146,"Obwoluta groszkowa otwierana z góry i z prawej strony, przezroczysta struktura folii, wciecie boczne, na palec, prawy górny róg zaokraglony, grubosc folii 90 mic, konfekcja wlasna op. 10 szt., format A4"
147,"Obwoluta groszkowa otwierana z góry i z prawej strony, kolorowa struktura folii, wciecie boczne, na palec, prawy górny róg zaokraglony, format A4, op. 10 szt., mix kolorów,"
148,"Obwoluta sztywna L 150 mic otwierana z góry i z prawej strony, wykonana z twardej folii PCV, o wysokiej czestotliwosci, wciecie boczne, na palec, prawy górny róg zaokraglony, format A4,"
149,"Oczkownica podreczna do dokumentów, jednoglowicowa, nitujaca do 15 arkuszy, srednica otworu 4 mm, regulowany margines dziurkowania"
150,"Ofertówka sztywna do segregatora otwierana z góry, wykonana z twardej folii PCV, o wysokiej przezroczystosci, standardowa perforacja, konfekcja wlasna op. 10 szt., format A4"
151,"Okladka na legitymacje, przezroczysta, o wymiarach 8 cm x 11 cm, op. 20 sztuk"
152,"Okladki do bindowania foliowe A4 , przezroczysta folia do oprawy dokumentów, format A4,150 mic,op.100 szt,"
153,"Okladki do bindowania foliowe A4 , kolorowa folia do oprawy dokumentów, format A4, grubosc folii 200mic, op. 100 szt. wyprodukowano dla firmy Argo"
154,"Okladki do bindowania kartonowe A4, kartonowe, z jednostronnie kolorowego, blyszczacego kartonu, sztywny karton laminowany folia, grubosc 250 g/m², format A4, op. 100 arkusz,"
155,"Okladki do bindowania skóropodobne A4, kartonowe, o fakturze skóropodobnej, sztywny karton , format A4, op. 100 arkuszy,"
156,"Olej do niszczarek, pojemnosc opakowania 350ml"
157,"Olówek automatyczny, na grafit 0,5 mm, z teleskopowym mechanizmem wysuwania grafitu"
158,"Olówek drewniany, odporny na zlamania, latwy do wycierania i temperowania, rózne twardosci, z gumka"
159,"Pamiec USB 16 GB, zlacze USB jest wysuwane, obudowa: plastikowo-aluminiowa, ma posiadac opakowanie. Okres gwarancji minimum 24 miesiace"
160,"Pamiec USB 8 GB, zlacze USB jest wysuwane, obudowa plastikowo-aluminiowa, ma posiadac opakowanie. Okres gwarancji minimum 24 miesiace."
161,"Papier do faksu w rolce, o wymiarach 210mm x 30mb"
162,"Papier fotograficzny do drukarki laserowej, matowy, bialy, format A4, gramatura 200g/m2, op. 100 szt."
163,"Papier fotograficzny do drukarki atramentowej, satynowo-matowy, bialy, format A4, gramatura 240g/m2, op. 50 szt."
164,"Papier fotograficzny do drukarki atramentowej, blyszczacy, bialy, format A4, gramatura 180g/m2, op. 50 szt."
165,"Papier fotograficzny do drukarki atramentowej, blyszczacy, bialy, format A4, gramatura 170g/m2, op. 20 szt."
166,"Papier fotograficzny do drukarki atramentowej, matowy, bialy, format A4, gramatura 170g/m2, op.100 szt."
167,"Papier fotograficzny do drukarki atramentowej, matowy, bialy, format A4, gramatura 190g/m2, op. 50 szt."
168,"Papier pakowy, siarczan, N biel., 70g/m2, wym. 105 x 126 cm, prazkowany"
169,"Pianka do czyszczenia powierzchni plastikowych, szklanych i metalowych, o gestej konsystencji ulatwiajacej jej nanoszenie, antystatyczna, swiezy zapach, obj. 300 ml"
170,"Pinezki metalowe, srebrne, op. 100 szt. Wlasna konfekcja (tapicerskie)"
171,"Pinezki metalowe, srebrne, op. 100 szt."
172,"Pinezki do tablic korkowych, beczulki, kolorowe, op. 50 szt."
173,"Plastelina w opakowaniu 10 szt, (rózne kolory)"
174,"Plyn do czyszczenia monitorów, szyb skanerów, komputerów, nie pozostawiajacy smug, posiadajacy wlasciwosci antystatyczne, obj. 250 ml"
175,"Plyta CD -R 700 MB, pakowana pojedynczo, w opakowaniach plastikowych"
176,"Plyta CD -RW 700 MB, pakowana pojedynczo, w opakowaniach plastikowych"
177,"Plyta DVD -R 4,7 GB, pakowana pojedynczo, w opakowaniach plastikowych"
178,"Plyta DVD -RW 4,7 GB, pakowana pojedynczo, w opakowaniach plastikowych"
179,"Plyta DVD +R 4,7 GB, pakowana pojedynczo, w opakowaniach plastikowych"
180,"Plyta DVD +RW 4,7 GB, pakowana pojedynczo, w opakowaniach plastikowych"
181,"Plyta CD -R, szpula 100 sztuk"
182,"Plyta DVD -R, szpula 50 sztuk"
183,"Podkladki do dziurkacza archiwizacyjnego HP 2, wymienne z twardego plastiku, srednica podkladki 30 mm"
184,"Poduszka do stempli, w pudelku z tworzywa o wysokiej jakosci i wytrzymalosci, z zaznaczeniem w kolorze tuszu, rozmiar 110 x 70 mm, kolor czerwony"
185,"Pojemnik na czasopisma, wykonany z wytrzymalego tworzywa, oklejony na zewnatrz i wewnatrz folia PCV, otwór na grzbiecie ulatwiajacy zdejmowanie, dwustronnie wymienna etykieta opisowa, szer. grzbietu 70 mm, format A4"
186,"Powietrze sprezone do czyszczenia trudno dostepnych miejsc, z dysza umozliwiajaca precyzyjne kierowanie powietrza, op. 400 ml*"
187,"Przekladka do segregatora, wykonana z mocnego kartonu, uniwersalna perforacja, o wymiarach 10,5 x 24 cm,wlasna konfekcja op. 10 szt. (rózne kolory)"
188,"Przekladka do segregatora, wykonana z mocnego i trwalego kartonu, /A-Z/, w komplecie ze strona tytulowa na opisy, uniwersalna perforacja pozwala uzywac przekladki w kazdym segregatorze, format A4,"
189,"Przekladka do segregatora, wykonana z mocnego kartonu, uniwersalna perforacja, format A4, op. 10 szt. (rózne kolory)"
190,"Przekladka do segregatora, wykonana z mocnego, elastycznego plastiku, A-Z, uniwersalna perforacja, format A4, op.20 szt. (rózne kolory)"
191,"Przybornik na biurko, obrotowy, mocny i trwaly, wykonany z odpornego na pekniecia, ekologicznego polistyrenu, w kolorze czarnym"
192,"Pudelko archiwizacyjne, wykonane z twardej tektury falistej, na grzbiecie miejsce do opisu, otwór ulatwiajacy wyjmowanie pojemnika, miesci segregator, do przechowywania formatu A4, szerokosc grzbietu 80 mm"
193,"Pudelko archiwizacyjne, wykonane z twardej tektury falistej, na grzbiecie miejsce do opisu, otwór ulatwiajacy wyjmowanie pojemnika, miesci segregator, do przechowywania formatu A4, szerokosc grzbietu 100 mm"
194,"Pudelko archiwizacyjne, wykonane z twardej tektury falistej, na grzbiecie miejsce do opisu, otwór ulatwiajacy wyjmowanie pojemnika, miesci segregator, do przechowywania formatu A4, szerokosc grzbietu 120 mm"
195,"Pudelko na plyty CD/DVD, plastikowe, cake zamykane na 25 szt."
196,"Rewers/sygnatura biblioteczna A6 - B-181 - bloczek 50 szt."
197,"Rolka do kas fiskalnych offsetowa, wymiary 57mm x 30m -pojedyncza"
198,"Rolka kasowa offsetowa 69mm x 30m do maszyny liczacej"
199,"Rolka termiczna do kas fiskalnych, wymiary: 28 mm x 30 m -pojedyncza"
200,"Rolka termiczna do kas fiskalnych, wymiary: 57 mm x 30 m -pojedyncza"
201,"Rozszywacz metalowy z plastikowymi elementami obudowy, do wszystkich rodzajów zszywek, wyposazony w blokade"
202,"Segregator A4, wykonany z twardego i grubego kartonu, pokrytego na zewnatrz ekologiczna folia polipropylenowa o strukturze plótna, szer. grzbietu 35 mm, a wewnatrz biala nablyszczana wklejka papierowa, dwustronna wymienna etykieta opisowa, wyposazony w 2 ringi oraz blokade (rózne kolory)"
203,"Segregator A4, wykonany z twardego i grubego kartonu, pokrytego na zewnatrz ekologiczna folia polipropylenowa o strukturze plótna, szer., grzbietu 50 mm, a wewnatrz biala nablyszczana wklejka papierowa, dwustronna wymienna etykieta opisowa, wyposazony w mechanizm dzwigniowy oraz blokade, dolne krawedzie wzmocnione niklowanym okuciem, otwór na palec na grzbiecie równiez wzmocniony niklowanym okuciem (rózne kolory)"
204,"Segregator A4, wykonany z twardego i grubego kartonu, pokrytego na zewnatrz ekologiczna folia polipropylenowa o strukturze plótna, szer., grzbietu 75 mm, a wewnatrz biala nablyszczana wklejka papierowa, dwustronna wymienna etykieta opisowa, wyposazony w mechanizm dzwigniowy oraz blokade, dolne krawedzie wzmocnione niklowanym okuciem, otwór na palec na grzbiecie równiez wzmocniony niklowanym okuciem (rózne kolory)"
205,"Segregator A5, wykonany z twardego i grubego kartonu, pokrytego na zewnatrz folia polipropylenowa, szer., grzbietu 75 mm, a wewnatrz biala nablyszczana wklejka papierowa, dwustronna wymienna etykieta opisowa, wyposazony w mechanizm dzwigniowy oraz blokade, dolne krawedzie wzmocnione niklowanym okuciem, otwór na palec na grzbiecie równiez wzmocniony niklowanym okuciem (rózne kolory)"
206,"Segregator do akt osobowych, wykonany z kartonu o gramaturze 170 g/m2, grubosci 1,9 mm, podwójny mechanizm ringowy 20 mm, zawiera róznokolorowe przekladki A, B, C"
207,"Skoroszyt A4, wykonany z folii polipropylenowej, przednia okladka przezroczysta, tylna okladka kolorowa wykonana z mocnego i sztywnego tworzywa, ze wzmacnianym grzbietem, na grzbiecie wymienny pasek do opisu, dwa wyciecia ulatwiajace wsuwanie paska, format A4, zaokraglone rogi, metalowe wasy i listewka dociskowa z tworzywa, (rózne kolory)"
208,"Skoroszyt A4 do segregatora, wykonany z folii polipropylenowej, przednia okladka przezroczysta, tylna okladka kolorowa wykonana z mocnego i sztywnego tworzywa, ze wzmacnianym grzbietem, standardowa perforacja do wpiecia do segregatora, na grzbiecie wymienny pasek do opisu, dwa wyciecia ulatwiajace wsuwanie paska, format A4, zaokraglone rogi, metalowe wasy i listewka dociskowa z tworzywa, (rózne kolory)"
209,"Skorowidz 2/3 A4 w twardych okladkach, 96 kartkowy w kratke, szyty, indeks alfabetyczny"
210,"Skorowidz A4 w twardych okladkach, 96 kartkowy w kratke, szyty, indeks alfabetyczny"
211,"Skorowidz A5 w twardych okladkach, 96 kartkowy w kratke, szyty, indeks alfabetyczny"
212,"Spinacze kolorowe, owalne, 28 mm, op.100 szt."
213,"Spinacze metalowe, niklowane, krzyzowe, 40 mm, op. 50 szt."
214,"Spinacze metalowe, niklowane, krzyzowe, 65 mm, op. 12 szt."
215,"Spinacze metalowe, niklowane, owalne, 28 mm, op.100 szt."
216,"Spinacze metalowe, niklowane, owalne, 50 mm, op. 100 szt."
217,"Spray do szybkiego czyszczenia tablic suchoscieralnych, w atomizerze, nie zawierajacy alkoholu, antystatyczny, poj. 250"
218,"Sznurek, szpagat jutowy, 1 szt. - 0,25 kg"
219,"Szpilki uniwersalne, srebrne, niklowane o dlugosci 28 mm, op. 50 g"
220,"Szuflada na biurko przydymione, mocna i stabilna, wykonana z wytrzymalego, odpornego na pekniecia polistyrenu, przeznaczone na dokumenty w formacie A4, z przodu miejsce do naklejenia etykiet, specjalnie profilowany przód zabezpieczajacy dokumenty przed wypadnieciem, 4 podkladki stabilizujace, zabezpieczajace przed slizganiem, kompatybilne - mozliwosc laczenia kilku w pionie oraz kaskadowo,"
221,"Tablica szkolna biala suchoscieralna o wymiarach 170cm x 100cm do pisania markerami, listwy boczne i pólki z aluminium, posiada elementy do mocowania na scianie, powierzchnia wykonana z blachy pokrytej specjalnymi farbami tablicowymi"
222,"Tablica korkowa, o wymiarach 90 x 120 cm, drewniana rama, zszywana na rogach, szerokosc ramy 16 mm*, w komplecie elementy mocujace"
223,"Tablica korkowa, o wymiarach 60 x 90 cm, drewniana rama, zszywana na rogach, szerokosc ramy 16 mm*, w komplecie elementy mocujace"
224,"Tablica korkowa, o wymiarach 100 x 150 cm, drewniana rama, zszywana na rogach, szerokosc ramy 16 mm*, w komplecie elementy mocujace"
225,"Tablica szkolna do pisania kreda o wymiarze 170cmx100cm, pojedyncza, zielona, magnetyczna, listwy boczne i pólka z aluminium, elementy do mocowania na scianie, przystosowana do zawieszenia w pionie i w poziomie."
226,"Tablica suchoscieralna, powierzchnia magnetyczna, o wymiarach 90 x 60 cm, odporna na zadrapania, powstawanie smug i zabrudzen, gladka, zestaw do montazu w komplecie, aluminiowa rama, wykonana z anodowanego aluminium, wyposazona w dolna pólke na markery oraz zestaw markerów i gabke, 10-letnia gwarancja na powierzchnie suchoscieralna"
227,"Tablica suchoscieralna, powierzchnia magnetyczna, o wymiarach 120 x 90 cm, odporna na zadrapania, powstawanie smug i zabrudzen, gladka, zestaw do montazu w komplecie, aluminiowa rama, wykonana z anodowanego aluminium, wyposazona w dolna pólke na markery oraz zestaw markerów i gabke, 10-letnia gwarancja na powierzchnie suchoscieralna."
228,"Tasma barwiaca czerwono-czarna, nylonowa o wymiarach 13 mm x 6mb do drukarek liczacych"
229,"Tasma biurowa, samoprzylepna, o wysokiej przezroczystosci, uniwersalna, wykonana z odpornego na zólkniecie polipropylenu, bardzo dobra przyczepnosc do wiekszosci powierzchni, nie brudzi, o wymiarach 19 mm x 33 m"
230,"Tasma dwustronna, pokryta obustronnie emulsyjnym klejem, dwustronna wzmacniana tasma tkaninowa, bardzo mocny klej, brazowa, o wymiarach 50 mm x 10 m"
231,"Tasma pakowa, przezroczysta, klej o podlozu akrylowym, grubosc folii PP 28 mic, o wymiarach 48 mm x 50m"
232,"Tasma pakowa, brazowa, klej kauczukowy, o wymiarach 48 mm x 50 m"
233,"Tasma pakowa, biala, klej kauczukowy, o wymiarach 50 mm x 66 m"
234,"Tasma papierowa, maskujaca samoprzylepna, jednostronnie klejaca, o wymiarach 48 mm x 40 m, w kolorze zóltym"
235,"Tasma samoprzylepna z gilotynka, o wysokiej przezroczystosci, uniwersalna, wykonana z odpornego na zólkniecie polipropylenu, z podajnikiem, bardzo dobra przyczepnosc do wiekszosci powierzchni, nie brudzi, mozna po niej pisac, o wymiarach 19 mm x 33 m"
236,"Tasma samoprzylepna z gilotynka, mleczna, wykonana z odpornego na zólkniecie polipropylenu, z podajnikiem, bardzo dobra przyczepnosc do wiekszosci powierzchni, nie brudzi, mozna po niej pisac, o wymiarach 19 mm x 33 m"
237,"Teczka do podpisu, okladka z kartonu  powlekanego sztuczna skóra, wymienna etykietka  na nazwisko, grzbiet teczki harmonijkowy, strony wewnetrzne z usztywnionego kartonu o wzmocnionej dolnej krawedzi, ilosc kartek 20, rózne kolory:  czarny, czerwony, granatowy, zielony"
238,"Teczka na akta osobowe, wykonana z bialej tektury posiadaja wklad A, B, C, D, miejsce na opis, sztywny grzbiet, oklejana, format A4, szerokosc 2,5 cm, gramatura . 350 g/m2"
239,"Teczka na akta osobowe, wpinana, wykonana z bialej tektury posiadaja wklad A, B, C, D, miejsce na opis, teczka oczkowa -wpinana do segregatora, sztywny grzbiet, oklejana, format A4, szerokosc 2,5 cm, gramatura 350 g/m2"
240,"Teczka z gumka, marmurkowa, wykonana z preszpanu, barwiona dwustronnie, narozne plaskie gumki zamykajace w kolorze teczki, posiadajaca 3 wewnetrzne skrzydla zabezpieczajace dokumenty przed wypadnieciem, format A-4, gramatura 390 g/m2, ( 7 róznych kolorów)"
241,"Teczka wykonana z utwardzonego kartonu o grubosci 2 mm, pokryta folia polipropylenowa 100 mic, zamykana na 2 rzepy, posiadajaca 4 boczne skrzydla, format A4 ( 5 róznych kolorów)"
242,"Teczka wykonana z utwardzonego kartonu o grubosci 2 mm, pokryta folia polipropylenowa 100 mic, zamykana na gumke, posiadajaca 4 boczne skrzydla, format A4 ( 5 róznych kolorów)"
243,"Teczka wiazana biala kartonowa, wyposazona w tasiemki, posiadajaca trzy wewnetrzne klapki zabezpieczajace dokumenty przed wypadnieciem, z przodu miejsce na opis, posiadajaca 3 wewnetrzne skrzydla zabezpieczajace dokumenty przed wypadnieciem, format A4, gramatura 250 g/m2"
244,"Teczka z gumka, wykonana z grubego kartonu jednostronnie lakierowanego, okragla gumka zamykajaca wzdluz dlugiego boku w kolorze teczki, gramatura 400 g/m2, posiadajaca 3 wewnetrzne skrzydla zabezpieczajace dokumenty przed wypadnieciem, podwójna perforacja do zwiekszenia grzbietu o 1 cm lub 2 cm. jednolity kolor, (7 róznych kolorów)"
245,"Teczka z raczka do formatu A4, z plastikowa raczka z mozliwoscia skladania, wykonana z utwardzonego kartonu o grubosci 2 mm, pokryta folia polipropylenowa 100 mic, posiadajaca mechanizm zamykajacy zabezpieczajacy zawartosc przed wysypaniem, 4 róznych kolorach)"
246,"Tektura grubosc 2 mm, format B1,"
247,"Tektura grubosc 2,50 mm, format B1,"
248,"Tektura grubosc 3,00 mm, format B1,"
249,"Tektura makulaturowa gramatura 500 g/m², format B1"
250,"Tektura makulaturowa 700g/m2 B1"
251,"Tektura do konserwacji muzealnej bezkwasowa, 1240 g/m², format B1,"
252,"Tektura do konserwacji muzealnej bezkwasowa, gr.2,5mm finska, format B1"
253,"Tektura do konserwacji muzealnej bezkwasowa, gr. 3mm, finska, r format B1"
254,"Tektura do konserwacji muzealnej bezkwasowa, 2,5mm, format B1"
255,"Tektura falista tektura falista dwuwarstwowa, wymiar 1 m x 70m, gramatura 200g/m2"
256,"Tektura Grafopak gramatura, grubosc 0,6 mm, format B1,"
257,"Temperówka metalowa (pojedyncza) srebrna, wykonana z aluminium z mozliwoscia regeneracji ostrza, ze stalowym ostrzem mocowanym wkretem, posiada pojedyncze ostrze,"
258,"Termookladki 35 mm (oprawa do 360 kartek), przód wykonany z krystalicznie przejrzystej folii 150µm z kartonu chromolux, karton 250 g/m², format A4, , op. 30 szt.,"
259,"Termookladki 18 mm (oprawa do 180 kartek), przód wykonany z krystalicznie przejrzystej folii 150µm, tyl okladki skóropodobny format A4, op. 50 szt.,"
260,"Termookladki 3 mm (oprawa 20 kartek), przód wykonany z krystalicznie przejrzystej folii 150 µm, tyl okladki skóropodobny format A4,, op. 100 szt."
261,"Tusz do stempli gumowych i polimerowych, bezolejowy, wodny, szybkoschnacy, pojemnik z aplikatorem ulatwiajacym nasaczanie, poj. 30Ml, w róznych kolorach: czerwony, czarny"
262,"Tusz do stempli z metalowa plytka stemplujaca, poj. 25 ml, w kolorze czarnym"
263,"Wklad do dlugopisu wklad metalowy do dlugopisów Zenith, kolory: czarny, niebieski,"
264,"Wklad do olówka automatycznego, wysoka trwalosc, odporne na zlamania, elastyczne, o grubosci 0,5 mm, rózne twardosci rysika, op. 12 szt."
265,"Wklad do segregatora, w kratke, format A4, op. 50 kartek, opakowanie foliowe, w kolorach: bialy i kolorowy"
266,"Wskaznik laserowy, laser czerwony o zasiegu 100 m, plastikowa obudowa"
267,"Zakladki indeksujace plastikowe z mozliwoscia zapisu, mozliwosc wielokrotnego przyklejenia, pastelowe i fluorescencyjne kolory, ilosc fiszek 5 kolorów x 25 szt., rozmiar: 12 x 45 mm, opakowanie foliowe"
268,"Zakladki indeksujace papierowe z mozliwoscia zapisu, mozliwosc wielokrotnego przyklejenia, pastelowe kolory, ilosc fiszek 4 kolory x 50 szt., rozmiar: 20 x 50 mm, opakowanie foliowe"
269,"Zakladki indeksujace, z mozliwoscia zapisu, mozliwosc wielokrotnego przyklejenia, pastelowe kolory, rozmiar: 12 x 45 mm, opakowanie: 4 bloczki po 35 zakladek w kazdym bloczku, perforacja umozliwiajaca odrywanie, opakowanie foliowe,"
270,"Zakreslacz fluorescencyjny, trwaly, nietoksyczny, bezwonny tusz na bazie wody, scieta koncówka, do pisania po wszystkich rodzajach papieru w tym samokopiujacym i faksowym, duza odpornosc na wysychanie tuszu, skuwka wraz z klipsem, grubosc linii 2- 5 mm, w róznych kolorach: zólty, pomaranczowy, zielony, fioletowy, rózowy, niebieski"
271,"Zeszyt w kratke, format A5, szyty, przód i tyl okladki wykonany z laminowanego kartonu, bigowanie ulatwiajace odginanie okladki, ilosc kartek 32"
272,"Zeszyt w kratke, format A5, szyty, przód i tyl okladki wykonany z laminowanego kartonu, bigowanie ulatwiajace odginanie okladki, ilosc kartek 60"
273,"Zszywacz metalowy mechanizm, plastikowe ramie i podstawa o wysokiej wytrzymalosci, metalowy element podajacy zszywki, antyposlizgowy spód, zszywa do 25 kartek, glebokosc wsuniecia kartki 96 mm"
274,"Zszywacz metalowy mechanizm, plastikowe ramie i podstawa o wysokiej wytrzymalosci, metalowy element podajacy zszywki, antyposlizgowy spód, zszywa do 45 kartek, glebokosc wsuniecia kartki 70 mm"
275,"Zszywacz metalowy mechanizm, plastykowe ramie i podstawa o wysokiej wytrzymalosci, metalowy element podajacy zszywki, antyposlizgowy spód, zszywa od 2 do 130 kartek, glebokosc wsuniecia kartki 70 mm"
276,"Zszywki metalowe, rozmiar: 10/A, zapakowane w kartonowe pudelko, op. 1000 szt."
277,"Zszywki metalowe, rozmiar: 23/8 cm, zapakowane w kartonowe pudelko, op. 1000 szt."
278,"Zszywki metalowe, rozmiar: 23/10 cm, zapakowane w kartonowe pudelko, op. 1000 szt."
279,"Zszywki metalowe, rozmiar: 23/13 cm, zapakowane w kartonowe pudelko, op. 1000 szt."
280,"Zszywki metalowe, rozmiar: 23/17 cm, zapakowane w kartonowe pudelko, op. 1000 szt."
281,"Zszywki metalowe, rozmiar: 24/6 cm, zapakowane w kartonowe pudelko, op. 1000 szt."
282,"Zszywki metalowe, rozmiar: 26/6 cm, zapakowane w kartonowe pudelko, op. 1000 szt."
283,"Zszywki metalowe, rozmiar: 26/8 cm, zapakowane w kartonowe pudelko, op. 1000 szt."
284,"Zszywki metalowe, rozmiar: 6 mm, zapakowane w kartonowe pudelko, op. 1000 szt."
285,"Zszywki do urzadzenia Canon NP6050, opakowanie liczace trzy magazynki po 5000 zszywek w magazynku do finiszera F1"
286,"Zszywki do urzadzenia Sharp MX-M350U, opakowanie liczace trzy magazynki po 5000 zszywek w magazynku do finiszera Sharp AR-FN7"
287,"Arkusz spisu z natury, uniwersalny, format A4, pionowy, samokopiujacy, w bloczku 50 arkuszy"
